Works,Created
Gambler,2021-10-01T16:51:11.179196
Crime and Punishment,2021-10-15T14:23:54.324579
Uncles Dream and the Permanent Husband,2021-12-28T12:42:06.761511
The House Of The Dead Or Prison Life In Siberia,2021-06-29T22:32:18.535058
Notes from the Underground,2021-06-13T20:22:47.351145
Demons,2022-01-01T04:44:19.632422
Crime and Punishment (illustrated Edition),2022-01-01T10:21:19.040290
Crime and Punishment,2021-12-27T11:41:14.608362
Crime and Punishment,2021-06-07T11:21:05.148078
Vieras Rouva,2021-12-28T00:38:00.399192
Notes from the Underground (AmazonClassics Edition),2021-10-09T05:59:20.884132
Double,2021-09-29T18:56:09.331462
Crime and Punishmen (Illustrated),2021-12-28T12:37:35.488164
Crime and Punishment (100 Copy Collector's Edition),2021-12-30T17:51:45.635455
The Gambler,2021-12-09T07:18:47.058068
Crime et Châtiment Illustree,2022-01-01T07:32:36.751071
Notes from Underground Illustrated,2021-10-01T23:37:56.515784
Joueur Annoté,2021-10-02T06:20:22.519384
Crime et Châtiment Illustrée,2021-10-02T04:26:26.476769
Double Annoté,2021-10-01T21:49:41.772765
Poor Folk,2021-12-27T11:35:44.335285
Crime et Châtiment Annoté,2021-09-30T23:05:20.986657
Possessed (the Devils) Annotated,2021-10-11T06:57:38.711204
World Classics Library : Fyodor Dostoevsky,2021-12-30T14:28:40.223672
Letters of Fyodor Michailovitch Dostoevsky to His Family and Friends,2021-05-25T04:09:28.342452
Notes from Underground,2021-12-26T09:33:19.528253
Collected Works of Fyodor Dostoyevsky,2021-07-20T18:36:47.748481
Double Annotated Penguin Classics,2021-12-28T17:11:38.089093
Prince's Dream,2021-12-31T10:10:54.693243
Gospel in Dostoyevsky,2021-10-02T01:42:12.930779
Notes from the Underground,2022-01-01T11:40:56.616328
Poor Folk,2021-07-15T03:06:46.258084
Dream of a Ridiculous Man : (Annotated Edition),2021-10-01T15:39:25.935149
Possessed (the Devils),2021-12-27T23:52:54.380476
"Pages from the Journal of an Author, Fyodor Dostoevsky",2021-08-13T18:22:01.547624
The Possessed,2021-12-03T12:34:35.233132
Crime and Punishment,2021-12-31T08:38:56.344752
Souvenirs de la Maison des Morts Annoté,2022-01-01T09:07:06.565723
Notes from The Underground,2021-10-28T13:55:58.689968
White Nights,2021-12-25T18:33:14.140475
Idiot,2022-01-01T07:31:38.608511
Dream of a Ridiculous Man,2021-12-25T15:44:46.586177
Notes from the Underground,2021-12-30T21:56:25.285429
Uncle's Dream,2021-07-10T04:59:56.907299
Double (Annotated),2021-12-28T13:59:13.217229
Notes from the Underground Annotated,2021-12-31T19:43:58.718101
The Possessed,2021-06-14T11:40:46.735223
Crime et Châtiment (Annoté),2021-12-31T20:40:02.005751
Notes from the Underground Annotated,2021-10-01T00:17:17.511961
honnête Voleur (Annoté),2021-12-31T17:29:08.265249
